{
    "LSTAT": 0.41573143005371094,
    "RM": 0.1876220554113388,
    "CRIM": 0.12970177829265594,
    "PTRATIO": 0.07490968704223633,
    "INDUS": 0.022164108231663704,
    "TAX": 0.049296941608190536,
    "NOX": 0.08578848838806152,
    "B": 0.03478549048304558
}